Name Prefix,First Name,Middle Name,Last Name,Name Suffix,Phonetic First Name,Phonetic Middle Name,Phonetic Last Name,Nickname,File As,E-mail 1 - Label,E-mail 1 - Value,Phone 1 - Label,Phone 1 - Value,Address 1 - Label,Address 1 - Country,Address 1 - Street,Address 1 - Extended Address,Address 1 - City,Address 1 - Region,Address 1 - Postal Code,Address 1 - PO Box,Organization Name,Organization Title,Organization Department,Birthday,Event 1 - Label,Event 1 - Value,Relation 1 - Label,Relation 1 - Value,Website 1 - Label,Website 1 - Value,Custom Field 1 - Label,Custom Field 1 - Value,Notes,Labels
,LOOM ARQUITETO AMERICANA,,,,,,,,,,,Mobile,19 99874-7035,,,,,Americana,,,,,,,,,,,,,,,,,Signore Mobili Architects
,ALINE SASSE ARQUITETO AMERICANA,,,,,,,,,,,Mobile,19 99293-0108,,,,,Americana,,,,,,,,,,,,,,,,,Signore Mobili Architects
,MARKA ARQUITETO AMERICANA,,,,,,,,,,,Mobile,19 99152-1895,,,,,Americana,,,,,,,,,,,,,,,,,Signore Mobili Architects
,GUSTAVO VALENTE ARQUITETO AMERICANA,,,,,,,,,,,Mobile,19 99842-1393,,,,,Americana,,,,,,,,,,,,,,,,,Signore Mobili Architects
,CAÍQUE FERREIRA ARQUITETO AMERICANA,,,,,,,,,,,Mobile,19 98914-7996,,,,,Americana,,,,,,,,,,,,,,,,,Signore Mobili Architects
,MOREIRA ENGENHARIA E ARQUITETURA ARQUITETO AMERICANA,,,,,,,,,,,Mobile,19 99434-3787,,,,,Americana,,,,,,,,,,,,,,,,,Signore Mobili Architects
,AQUILES NICOLAS KILARIS ARQUITETO AMERICANA,,,,,,,,,,,Mobile,19 99766-1990,,,,,Americana,,,,,,,,,,,,,,,,,Signore Mobili Architects
,LARISSA PRANDO ARQUITETO AMERICANA,,,,,,,,,,,Mobile,19 99106-9816,,,,,Americana,,,,,,,,,,,,,,,,,Signore Mobili Architects
,MARIANA GURGEL ARQUITETO AMERICANA,,,,,,,,,,,Mobile,19 98181-7091,,,,,Americana,,,,,,,,,,,,,,,,,Signore Mobili Architects
,MILENA CELANTE ARQUITETO AMERICANA,,,,,,,,,,,Mobile,19 99547-1481,,,,,Americana,,,,,,,,,,,,,,,,,Signore Mobili Architects
,BEGIN ARQUITETURA ARQUITETO AMERICANA,,,,,,,,,,,Mobile,19 99982-2120,,,,,Americana,,,,,,,,,,,,,,,,,Signore Mobili Architects
,PEDRO E PAULO BRUNA ARQUITETOS ASSOCIADOS ARQUITETO SÃO PAULO,,,,,,,,,,,Mobile,11 99607-9038,,,,,São Paulo,,,,,,,,,,,,,,,,,Signore Mobili Architects
,ARQUITETURA REFORMA E DECORAÇÃO SÃO PAULO - ROCHA ANDRADE ARQUITETURA ARQUITETO SÃO PAULO,,,,,,,,,,,Mobile,11 93237-1695,,,,,São Paulo,,,,,,,,,,,,,,,,,Signore Mobili Architects
,MAISON ARQUITETURA E REFORMA ARQUITETO SÃO PAULO,,,,,,,,,,,Mobile,11 94259-7282,,,,,São Paulo,,,,,,,,,,,,,,,,,Signore Mobili Architects
,ARQUITETURA | CLEO BOTURA ARQUITETO SÃO PAULO,,,,,,,,,,,Mobile,11 97062-5107,,,,,São Paulo,,,,,,,,,,,,,,,,,Signore Mobili Architects
,STUDIO 21 ARQUITETO ARQUITETO SÃO PAULO,,,,,,,,,,,Mobile,11 99459-2199,,,,,São Paulo,,,,,,,,,,,,,,,,,Signore Mobili Architects
,ARMENTANO ARQUITETURA ARQUITETO SÃO PAULO,,,,,,,,,,,Mobile,11 91963-3025,,,,,São Paulo,,,,,,,,,,,,,,,,,Signore Mobili Architects
,CONSONI GHIZZI ARQUITETURA + DESIGN ARQUITETO CAMPINAS,,,,,,,,,,,Mobile,19 99176-1627,,,,,Campinas,,,,,,,,,,,,,,,,,Signore Mobili Architects
,RENATA LIMA | ARQUITETURA E URBANISMO ARQUITETO SÃO PAULO,,,,,,,,,,,Mobile,11 98396-8958,,,,,São Paulo,,,,,,,,,,,,,,,,,Signore Mobili Architects
,ARQUITETURA E INTERIORES SABRI FIDELIS ARQUITETO SÃO PAULO,,,,,,,,,,,Mobile,11 94766-7286,,,,,São Paulo,,,,,,,,,,,,,,,,,Signore Mobili Architects
,MASSARAQUE ARQUITETOS ARQUITETO SÃO PAULO,,,,,,,,,,,Mobile,11 92498-2910,,,,,São Paulo,,,,,,,,,,,,,,,,,Signore Mobili Architects
,CACO3 ARQUITETURA ARQUITETO CAMPINAS,,,,,,,,,,,Mobile,19 99453-7364,,,,,Campinas,,,,,,,,,,,,,,,,,Signore Mobili Architects
,PATRICIA MAGALHÃES DE AGUIAR ARQUITETURA E INTERIORES ARQUITETO SÃO PAULO,,,,,,,,,,,Mobile,11 97678-4090,,,,,São Paulo,,,,,,,,,,,,,,,,,Signore Mobili Architects
,RUZZI ARQUITETURA E INTERIORES ARQUITETO SÃO PAULO,,,,,,,,,,,Mobile,11 97832-4614,,,,,São Paulo,,,,,,,,,,,,,,,,,Signore Mobili Architects
,EBBA ARQUITETURA ARQUITETO SÃO PAULO,,,,,,,,,,,Mobile,11 95956-1875,,,,,São Paulo,,,,,,,,,,,,,,,,,Signore Mobili Architects
,STUDIO M ARQUITETURA ARQUITETO SÃO PAULO,,,,,,,,,,,Mobile,11 99006-6565,,,,,São Paulo,,,,,,,,,,,,,,,,,Signore Mobili Architects
,ITALICO ARQUITETURA CAMPINAS ARQUITETO CAMPINAS,,,,,,,,,,,Mobile,19 98133-7909,,,,,Campinas,,,,,,,,,,,,,,,,,Signore Mobili Architects
,ARQUITETO BIGNOTTO ARQUITETO CAMPINAS,,,,,,,,,,,Mobile,19 99537-0419,,,,,Campinas,,,,,,,,,,,,,,,,,Signore Mobili Architects
,ARQUITETA EM CAMPINAS | CYNTHIA COLBANO ARQUITETO CAMPINAS,,,,,,,,,,,Mobile,19 99703-7246,,,,,Campinas,,,,,,,,,,,,,,,,,Signore Mobili Architects
,GUSTAVO DASTRE ARQUITETURA ARQUITETO CAMPINAS,,,,,,,,,,,Mobile,19 99794-8090,,,,,Campinas,,,,,,,,,,,,,,,,,Signore Mobili Architects
,DANIELE ROSSI LOPES ARQUITETA EM CAMPINAS ARQUITETO CAMPINAS,,,,,,,,,,,Mobile,19 97404-8823,,,,,Campinas,,,,,,,,,,,,,,,,,Signore Mobili Architects
,OLMOS ARQUITETURA ARQUITETO CAMPINAS,,,,,,,,,,,Mobile,19 99271-6000,,,,,Campinas,,,,,,,,,,,,,,,,,Signore Mobili Architects
,CAIS ARQUITETURA ARQUITETO CAMPINAS,,,,,,,,,,,Mobile,19 99554-8362,,,,,Campinas,,,,,,,,,,,,,,,,,Signore Mobili Architects
,PELLIZZON ARQUITETO CAMPINAS,,,,,,,,,,,Mobile,19 98166-8686,,,,,Campinas,,,,,,,,,,,,,,,,,Signore Mobili Architects
,DEL NERO DA FONTE ARQUITETURA ARQUITETO CAMPINAS,,,,,,,,,,,Mobile,19 99621-0665,,,,,Campinas,,,,,,,,,,,,,,,,,Signore Mobili Architects
,STUDIO AP | ARQUITETURA + INTERIORES ARQUITETO CAMPINAS,,,,,,,,,,,Mobile,19 98420-9197,,,,,Campinas,,,,,,,,,,,,,,,,,Signore Mobili Architects
,CAMPIDELLIS ARQUITETURA CAMPINAS E VALINHOS ARQUITETO CAMPINAS,,,,,,,,,,,Mobile,19 99156-7055,,,,,Campinas,,,,,,,,,,,,,,,,,Signore Mobili Architects
,DREISON SANTINI ARQUITETURA RESIDENCIAL ARQUITETO CAMPINAS,,,,,,,,,,,Mobile,19 99281-5573,,,,,Campinas,,,,,,,,,,,,,,,,,Signore Mobili Architects
,BRITA ARQUITETURA ARQUITETO CAMPINAS,,,,,,,,,,,Mobile,19 98146-5055,,,,,Campinas,,,,,,,,,,,,,,,,,Signore Mobili Architects
,ARQUITETO ANDRÉ PACE ARQUITETO CAMPINAS,,,,,,,,,,,Mobile,19 99126-4322,,,,,Campinas,,,,,,,,,,,,,,,,,Signore Mobili Architects
,MORAIS ARQUITETURA ARQUITETO CAMPINAS,,,,,,,,,,,Mobile,19 99633-3135,,,,,Campinas,,,,,,,,,,,,,,,,,Signore Mobili Architects
,GUTO ANDRADE ARQUITETURA ARQUITETO SÃO PAULO,,,,,,,,,,,Mobile,11 98883-5749,,,,,São Paulo,,,,,,,,,,,,,,,,,Signore Mobili Architects
,THEMIS ARQUITETURA ARQUITETO SÃO PAULO,,,,,,,,,,,Mobile,11 91945-7953,,,,,São Paulo,,,,,,,,,,,,,,,,,Signore Mobili Architects
,SAL ARQUITETURA ARQUITETO SÃO PAULO,,,,,,,,,,,Mobile,11 99872-2287,,,,,São Paulo,,,,,,,,,,,,,,,,,Signore Mobili Architects
,LIAM ARQUITETURA E INTERIORES ARQUITETO SÃO PAULO,,,,,,,,,,,Mobile,11 97285-6112,,,,,São Paulo,,,,,,,,,,,,,,,,,Signore Mobili Architects
,CINTHIA CLARO ARQUITETURA ARQUITETO SÃO PAULO,,,,,,,,,,,Mobile,11 99647-7821,,,,,São Paulo,,,,,,,,,,,,,,,,,Signore Mobili Architects
,POLI JÚNIOR ARQUITETO SÃO PAULO,,,,,,,,,,,Mobile,11 95769-9363,,,,,São Paulo,,,,,,,,,,,,,,,,,Signore Mobili Architects
,KATIUSCIA FARIA ARQUITETURA E INTERIORES ARQUITETO SÃO PAULO,,,,,,,,,,,Mobile,11 94783-8512,,,,,São Paulo,,,,,,,,,,,,,,,,,Signore Mobili Architects
,INSPIRATE ARQUITETURA E INTERIORES ARQUITETO SÃO PAULO,,,,,,,,,,,Mobile,11 94247-2141,,,,,São Paulo,,,,,,,,,,,,,,,,,Signore Mobili Architects
,ARQUITETURA TRE ARCHI ARQUITETO SÃO PAULO,,,,,,,,,,,Mobile,11 93499-9980,,,,,São Paulo,,,,,,,,,,,,,,,,,Signore Mobili Architects
,TRENTINO ÁVILA ARQUITETURA ARQUITETO SÃO PAULO,,,,,,,,,,,Mobile,11 97841-3300,,,,,São Paulo,,,,,,,,,,,,,,,,,Signore Mobili Architects
,HCA ARQUITETURA E URBANISMO ARQUITETO SÃO PAULO,,,,,,,,,,,Mobile,11 95899-3841,,,,,São Paulo,,,,,,,,,,,,,,,,,Signore Mobili Architects
,JULIANO RODRIGUES ARQUITETURA & DESIGN ARQUITETO SÃO PAULO,,,,,,,,,,,Mobile,11 96810-5001,,,,,São Paulo,,,,,,,,,,,,,,,,,Signore Mobili Architects
,CONCEITO A | ARQUITETURA ARQUITETO SÃO PAULO,,,,,,,,,,,Mobile,11 91956-2747,,,,,São Paulo,,,,,,,,,,,,,,,,,Signore Mobili Architects
,R&A ARQUITETURA E DESIGN ARQUITETO SÃO PAULO,,,,,,,,,,,Mobile,11 98458-9941,,,,,São Paulo,,,,,,,,,,,,,,,,,Signore Mobili Architects
,GRAFITE .07 ARQUITETURA ARQUITETO SÃO PAULO,,,,,,,,,,,Mobile,11 94460-4109,,,,,São Paulo,,,,,,,,,,,,,,,,,Signore Mobili Architects
,JÉSSICA PEREZ ARQUITETURA E INTERIORES ARQUITETO SÃO PAULO,,,,,,,,,,,Mobile,11 96459-3433,,,,,São Paulo,,,,,,,,,,,,,,,,,Signore Mobili Architects
,UP ARCH - ESCRITÓRIO DE ARQUITETURA ARQUITETO SÃO PAULO,,,,,,,,,,,Mobile,11 95278-2876,,,,,São Paulo,,,,,,,,,,,,,,,,,Signore Mobili Architects
,SAZE ARQUITETURA ARQUITETO SÃO PAULO,,,,,,,,,,,Mobile,11 95448-0828,,,,,São Paulo,,,,,,,,,,,,,,,,,Signore Mobili Architects
,3LINE ARQUITETURA ARQUITETO SÃO PAULO,,,,,,,,,,,Mobile,11 95971-8401,,,,,São Paulo,,,,,,,,,,,,,,,,,Signore Mobili Architects
,MARINA CARVALHO ARQUITETURA ARQUITETO SÃO PAULO,,,,,,,,,,,Mobile,11 99126-1924,,,,,São Paulo,,,,,,,,,,,,,,,,,Signore Mobili Architects
,ARQUITETURA E ENGENHARIA ARQ.JARDIM ARQUITETO SÃO PAULO,,,,,,,,,,,Mobile,11 98301-6181,,,,,São Paulo,,,,,,,,,,,,,,,,,Signore Mobili Architects
,INSIDE - ARQUITETURA E DESIGN DE INTERIORES ARQUITETO SÃO PAULO,,,,,,,,,,,Mobile,11 99951-5853,,,,,São Paulo,,,,,,,,,,,,,,,,,Signore Mobili Architects
,ELOYZE DARLLA ARQUITETOS ARQUITETO SÃO PAULO,,,,,,,,,,,Mobile,11 94243-1804,,,,,São Paulo,,,,,,,,,,,,,,,,,Signore Mobili Architects
,ARKITITO ARQUITETURA ARQUITETO SÃO PAULO,,,,,,,,,,,Mobile,11 95650-0715,,,,,São Paulo,,,,,,,,,,,,,,,,,Signore Mobili Architects
,FASES ARQUITETURA PROJETOS REFORMA E CONSTRUÇÃO ARQUITETO SÃO PAULO,,,,,,,,,,,Mobile,11 95729-6991,,,,,São Paulo,,,,,,,,,,,,,,,,,Signore Mobili Architects
,DEBAIXO DO BLOCO ARQUITETURA - SAO PAULO ARQUITETO SÃO PAULO,,,,,,,,,,,Mobile,11 94327-0697,,,,,São Paulo,,,,,,,,,,,,,,,,,Signore Mobili Architects
,PAULO STOCCO ARQUITETURA ARQUITETO SÃO PAULO,,,,,,,,,,,Mobile,11 99688-0170,,,,,São Paulo,,,,,,,,,,,,,,,,,Signore Mobili Architects
,LARISSA ALBUQUERQUE ARQUITETURA E INTERIORES ARQUITETO SÃO PAULO,,,,,,,,,,,Mobile,11 97736-0003,,,,,São Paulo,,,,,,,,,,,,,,,,,Signore Mobili Architects
,WEISS ARQUITETURA ARQUITETO SÃO PAULO,,,,,,,,,,,Mobile,11 94204-4242,,,,,São Paulo,,,,,,,,,,,,,,,,,Signore Mobili Architects
,ROMÁRIO RODRIGUES ARQUITETOS SP ARQUITETO SÃO PAULO,,,,,,,,,,,Mobile,11 94891-0989,,,,,São Paulo,,,,,,,,,,,,,,,,,Signore Mobili Architects
,DANIELE ROSSI LOPES ARQUITETO CAMPINAS,,,,,,,,,,,Mobile,19 97404-8823,,,,,Campinas,,,,,,,,,,,,,,,,,Signore Mobili Architects
,DONINI ARQUITETURA ARQUITETO CAMPINAS,,,,,,,,,,,Mobile,19 98829-3918,,,,,Campinas,,,,,,,,,,,,,,,,,Signore Mobili Architects
,DEDICATI ARQUITETURA ARQUITETO CAMPINAS,,,,,,,,,,,Mobile,19 99727-6252,,,,,Campinas,,,,,,,,,,,,,,,,,Signore Mobili Architects
,CAMPIDELLIS ARQUITETURA ARQUITETO CAMPINAS,,,,,,,,,,,Mobile,19 99156-7055,,,,,Campinas,,,,,,,,,,,,,,,,,Signore Mobili Architects
,VENARA ARQUITETURA ARQUITETO CAMPINAS,,,,,,,,,,,Mobile,19 99238-4888,,,,,Campinas,,,,,,,,,,,,,,,,,Signore Mobili Architects
,GA.BO ARQUITETURA ARQUITETO CAMPINAS,,,,,,,,,,,Mobile,19 98172-8057,,,,,Campinas,,,,,,,,,,,,,,,,,Signore Mobili Architects
,RGB ARQUITETOS ARQUITETO CAMPINAS,,,,,,,,,,,Mobile,19 98155-8911,,,,,Campinas,,,,,,,,,,,,,,,,,Signore Mobili Architects
,PORTORI - ARQUITETURA E INTERIORES ARQUITETO CAMPINAS,,,,,,,,,,,Mobile,19 97108-1156,,,,,Campinas,,,,,,,,,,,,,,,,,Signore Mobili Architects
,BRUNA FERNANDA | ESTÚDIO DE ARQUITETURA ARQUITETO CAMPINAS,,,,,,,,,,,Mobile,19 99887-1661,,,,,Campinas,,,,,,,,,,,,,,,,,Signore Mobili Architects
,BRUNA FERNANDES ARQUITETURA ARQUITETO CAMPINAS,,,,,,,,,,,Mobile,19 99127-5674,,,,,Campinas,,,,,,,,,,,,,,,,,Signore Mobili Architects
,ADRIANA CONSULIN ARQUITETO CAMPINAS,,,,,,,,,,,Mobile,19 99761-4165,,,,,Campinas,,,,,,,,,,,,,,,,,Signore Mobili Architects
,MATEUS DIAS ARQUITETURA ARQUITETO CAMPINAS,,,,,,,,,,,Mobile,19 99294-4465,,,,,Campinas,,,,,,,,,,,,,,,,,Signore Mobili Architects
,M POL ATELIÊ ARQUITETURA ARQUITETO CAMPINAS,,,,,,,,,,,Mobile,19 99121-8617,,,,,Campinas,,,,,,,,,,,,,,,,,Signore Mobili Architects
,CYNTHIA COLBANO ARQUITETO CAMPINAS,,,,,,,,,,,Mobile,19 99703-7246,,,,,Campinas,,,,,,,,,,,,,,,,,Signore Mobili Architects
,AQUILES NICOLAS KILARIS ARQUITETO CAMPINAS,,,,,,,,,,,Mobile,19 99766-1990,,,,,Campinas,,,,,,,,,,,,,,,,,Signore Mobili Architects
,DREISON SANTINI ARQUITETURA ARQUITETO CAMPINAS,,,,,,,,,,,Mobile,19 99281-5573,,,,,Campinas,,,,,,,,,,,,,,,,,Signore Mobili Architects
,DANIELA TUCUMANTEL ARQUITETURA ARQUITETO VALINHOS,,,,,,,,,,,Mobile,19 99324-6473,,,,,Valinhos,,,,,,,,,,,,,,,,,Signore Mobili Architects
,PRIMEIRO PLANO ARQUITETURA ARQUITETO VALINHOS,,,,,,,,,,,Mobile,19 99616-6214,,,,,Valinhos,,,,,,,,,,,,,,,,,Signore Mobili Architects
,PAULA SANTOS ARQUITETURA ARQUITETO VALINHOS,,,,,,,,,,,Mobile,19 99808-9893,,,,,Valinhos,,,,,,,,,,,,,,,,,Signore Mobili Architects
,ANDRESSA THOMAZ ARQUITETURA ARQUITETO VALINHOS,,,,,,,,,,,Mobile,19 97136-3645,,,,,Valinhos,,,,,,,,,,,,,,,,,Signore Mobili Architects
,IGOR MENDES ARQUITETURA ARQUITETO VALINHOS,,,,,,,,,,,Mobile,19 99594-1388,,,,,Valinhos,,,,,,,,,,,,,,,,,Signore Mobili Architects
,CAROLINA RIZZO ARQUITETURA ARQUITETO VINHEDO,,,,,,,,,,,Mobile,19 99131-4386,,,,,Vinhedo,,,,,,,,,,,,,,,,,Signore Mobili Architects
,ARQUITETOS CURYCAMARGO ARQUITETO VINHEDO,,,,,,,,,,,Mobile,19 99641-3785,,,,,Vinhedo,,,,,,,,,,,,,,,,,Signore Mobili Architects
,STUDIO 146 ARQUITETURA ARQUITETO VINHEDO,,,,,,,,,,,Mobile,19 98133-3684,,,,,Vinhedo,,,,,,,,,,,,,,,,,Signore Mobili Architects
,EDUARDO MUZI ARQUITETURA ARQUITETO VINHEDO,,,,,,,,,,,Mobile,19 99915-4505,,,,,Vinhedo,,,,,,,,,,,,,,,,,Signore Mobili Architects
,GUSTAVO VALENTE ARQUITETURA ARQUITETO SUMARÉ,,,,,,,,,,,Mobile,19 99842-1393,,,,,Sumaré,,,,,,,,,,,,,,,,,Signore Mobili Architects
,ARQUITETA CARINA DONATONE ARQUITETO SUMARÉ,,,,,,,,,,,Mobile,19 99637-7768,,,,,Sumaré,,,,,,,,,,,,,,,,,Signore Mobili Architects
,MICAELA MOLINARI ARQUITETURA ARQUITETO SUMARÉ,,,,,,,,,,,Mobile,19 99186-0667,,,,,Sumaré,,,,,,,,,,,,,,,,,Signore Mobili Architects
,MARINA PALMITO ARQUITETA ARQUITETO SUMARÉ,,,,,,,,,,,Mobile,19 99634-1484,,,,,Sumaré,,,,,,,,,,,,,,,,,Signore Mobili Architects
,THAIS JIRSCHIK ARQUITETO SUMARÉ,,,,,,,,,,,Mobile,19 99907-1632,,,,,Sumaré,,,,,,,,,,,,,,,,,Signore Mobili Architects
,BIANCA MACHADO ARQUITETURA ARQUITETO SUMARÉ,,,,,,,,,,,Mobile,19 98297-1344,,,,,Sumaré,,,,,,,,,,,,,,,,,Signore Mobili Architects
,LETÍCIA AMORIM ARQUITETURA ARQUITETO SUMARÉ,,,,,,,,,,,Mobile,19 98978-5225,,,,,Sumaré,,,,,,,,,,,,,,,,,Signore Mobili Architects
,ADORN ARQUITETURA ARQUITETO SUMARÉ,,,,,,,,,,,Mobile,19 99698-0304,,,,,Sumaré,,,,,,,,,,,,,,,,,Signore Mobili Architects
,ARQUITETA FABIANA AMARAL ARQUITETO SUMARÉ,,,,,,,,,,,Mobile,19 99714-5950,,,,,Sumaré,,,,,,,,,,,,,,,,,Signore Mobili Architects
,MAPE ARQUITETURA ARQUITETO SUMARÉ,,,,,,,,,,,Mobile,19 99713-7333,,,,,Sumaré,,,,,,,,,,,,,,,,,Signore Mobili Architects
,VIVIANA GONÇALVES ARQUITETURA ARQUITETO PAULÍNIA,,,,,,,,,,,Mobile,19 98230-8095,,,,,Paulínia,,,,,,,,,,,,,,,,,Signore Mobili Architects
,SAMUEL ALVES ARQUITETURA ARQUITETO PAULÍNIA,,,,,,,,,,,Mobile,19 99363-5352,,,,,Paulínia,,,,,,,,,,,,,,,,,Signore Mobili Architects
,ARIANE MENEZES ARQUITETURA ARQUITETO PAULÍNIA,,,,,,,,,,,Mobile,19 99160-6471,,,,,Paulínia,,,,,,,,,,,,,,,,,Signore Mobili Architects
,PROJETARCHI ARQUITETO PAULÍNIA,,,,,,,,,,,Mobile,19 98833-1088,,,,,Paulínia,,,,,,,,,,,,,,,,,Signore Mobili Architects
,LOOM ARQUITETURA ARQUITETO AMERICANA,,,,,,,,,,,Mobile,19 99874-7035,,,,,Americana,,,,,,,,,,,,,,,,,Signore Mobili Architects
,MARKA ARQUITETOS ASSOCIADOS ARQUITETO AMERICANA,,,,,,,,,,,Mobile,19 99152-1895,,,,,Americana,,,,,,,,,,,,,,,,,Signore Mobili Architects
,LETICIA DE NÓBREGA ARQUITETURA E DESIGN ARQUITETO SÃO PAULO,,,,,,,,,,,Mobile,(11) 97148-9000,,,,,São Paulo,,,,,,,,,,,,,,,,,Signore Mobili Architects
,PENINSULA ARQUITETURA ARQUITETO SÃO PAULO,,,,,,,,,,,Mobile,(11) 92075-0693,,,,,São Paulo,,,,,,,,,,,,,,,,,Signore Mobili Architects
,GEOMETRIA ARQUITETURA E INTERIORES ARQUITETO SÃO PAULO,,,,,,,,,,,Mobile,(11) 95811-0811,,,,,São Paulo,,,,,,,,,,,,,,,,,Signore Mobili Architects
,DEMÉTRIO BERTOLDI ARQUITETURA ARQUITETO SÃO PAULO,,,,,,,,,,,Mobile,(11) 99867-0137,,,,,São Paulo,,,,,,,,,,,,,,,,,Signore Mobili Architects
,HARDY ARQUITETOS ARQUITETO SÃO PAULO,,,,,,,,,,,Mobile,(11) 94504-1111,,,,,São Paulo,,,,,,,,,,,,,,,,,Signore Mobili Architects
,CR2 ARQUITETURA ARQUITETO SÃO PAULO,,,,,,,,,,,Mobile,(11) 99739-4490,,,,,São Paulo,,,,,,,,,,,,,,,,,Signore Mobili Architects
,GIANN FREIRE ARQUITETURA ARQUITETO SÃO PAULO,,,,,,,,,,,Mobile,(11) 99170-9028,,,,,São Paulo,,,,,,,,,,,,,,,,,Signore Mobili Architects
,SOW ARQUITETOS ARQUITETO SÃO PAULO,,,,,,,,,,,Mobile,(11) 91129-0072,,,,,São Paulo,,,,,,,,,,,,,,,,,Signore Mobili Architects
,YURI VITAL ARQUITETO ARQUITETO SÃO PAULO,,,,,,,,,,,Mobile,(11) 98630-5564,,,,,São Paulo,,,,,,,,,,,,,,,,,Signore Mobili Architects
,STUDIO ZEH ARQUITETURA ARQUITETO SÃO PAULO,,,,,,,,,,,Mobile,(11) 99619-2264,,,,,São Paulo,,,,,,,,,,,,,,,,,Signore Mobili Architects
,STUDIO LADO B - ARQUITETURA ARQUITETO SÃO PAULO,,,,,,,,,,,Mobile,(11) 91263-9068,,,,,São Paulo,,,,,,,,,,,,,,,,,Signore Mobili Architects
,"VIVANT ARQUITETURA, INTERIORES & CONSTRUÇÃO ARQUITETO SÃO PAULO",,,,,,,,,,,Mobile,(11) 97443-5582,,,,,São Paulo,,,,,,,,,,,,,,,,,Signore Mobili Architects
,LINKARQ STUDIO ARQUITETURA ARQUITETO SÃO PAULO,,,,,,,,,,,Mobile,(11) 91112-0079,,,,,São Paulo,,,,,,,,,,,,,,,,,Signore Mobili Architects
,STUDIO ELÃ ARQUITETO SÃO PAULO,,,,,,,,,,,Mobile,(11) 99173-3542,,,,,São Paulo,,,,,,,,,,,,,,,,,Signore Mobili Architects
,MOUVE ARQUITETURA ARQUITETO SÃO PAULO,,,,,,,,,,,Mobile,(11) 99944-3719,,,,,São Paulo,,,,,,,,,,,,,,,,,Signore Mobili Architects
,ARQTAB - ARQUITETURA E DESIGN ARQUITETO SÃO PAULO,,,,,,,,,,,Mobile,(11) 91112-0079,,,,,São Paulo,,,,,,,,,,,,,,,,,Signore Mobili Architects
,GABRIEL CORDEIRO ARQUITETURA ARQUITETO SÃO PAULO,,,,,,,,,,,Mobile,(11) 97071-9939,,,,,São Paulo,,,,,,,,,,,,,,,,,Signore Mobili Architects
,AYA ARQUITETURA ARQUITETO SÃO PAULO,,,,,,,,,,,Mobile,(11) 99969-9197,,,,,São Paulo,,,,,,,,,,,,,,,,,Signore Mobili Architects
,ARQ ESCRITÓRIOS MOEMA ARQUITETO SÃO PAULO,,,,,,,,,,,Mobile,(71) 99323-7375,,,,,São Paulo,,,,,,,,,,,,,,,,,Signore Mobili Architects
,FACILITY ARQUITETURA ARQUITETO SÃO PAULO,,,,,,,,,,,Mobile,(11) 99434-7967,,,,,São Paulo,,,,,,,,,,,,,,,,,Signore Mobili Architects
,ARTE E ARQUITETURA VILA MARIANA ARQUITETO SÃO PAULO,,,,,,,,,,,Mobile,(11) 99705-4207,,,,,São Paulo,,,,,,,,,,,,,,,,,Signore Mobili Architects
,MELISSA CALDEIRA ARQUITETURA & INTERIORES ARQUITETO SÃO PAULO,,,,,,,,,,,Mobile,(11) 96491-1713,,,,,São Paulo,,,,,,,,,,,,,,,,,Signore Mobili Architects
,SUPI ARQUITETURA ARQUITETO SÃO PAULO,,,,,,,,,,,Mobile,(11) 99121-5646,,,,,São Paulo,,,,,,,,,,,,,,,,,Signore Mobili Architects
,INEVITÁVEL ARTE ARQUITETURA ARQUITETO SÃO PAULO,,,,,,,,,,,Mobile,(13) 98217-9550,,,,,São Paulo,,,,,,,,,,,,,,,,,Signore Mobili Architects
,FERJA ARQUITETURA ARQUITETO SÃO PAULO,,,,,,,,,,,Mobile,(11) 99969-5500,,,,,São Paulo,,,,,,,,,,,,,,,,,Signore Mobili Architects
,ALVA ARQUITETURA ARQUITETO SÃO PAULO,,,,,,,,,,,Mobile,(11) 98380-2166,,,,,São Paulo,,,,,,,,,,,,,,,,,Signore Mobili Architects
,MALKA ARQUITETURA ARQUITETO SÃO PAULO,,,,,,,,,,,Mobile,(11) 99165-2995,,,,,São Paulo,,,,,,,,,,,,,,,,,Signore Mobili Architects
,STUDIO NOVA. ARQUITETO SÃO PAULO,,,,,,,,,,,Mobile,(11) 93036-7829,,,,,São Paulo,,,,,,,,,,,,,,,,,Signore Mobili Architects
,ANNONI+DAVID ARQUITETOS ARQUITETO SÃO PAULO,,,,,,,,,,,Mobile,(11) 99938-8553,,,,,São Paulo,,,,,,,,,,,,,,,,,Signore Mobili Architects
,FLAVIO CARRER ARQUITETURA ARQUITETO SÃO PAULO,,,,,,,,,,,Mobile,(11) 94774-3305,,,,,São Paulo,,,,,,,,,,,,,,,,,Signore Mobili Architects
,B AO QUADRADO ARQUITETURA ARQUITETO SÃO PAULO,,,,,,,,,,,Mobile,(11) 97304-2749,,,,,São Paulo,,,,,,,,,,,,,,,,,Signore Mobili Architects
,ADRIANO MENDONÇA ARQUITETURA ARQUITETO CAMPINAS,,,,,,,,,,,Mobile,(19) 97125-2120,,,,,Campinas,,,,,,,,,,,,,,,,,Signore Mobili Architects
,BRITA ARQUITETURA ARQUITETO CAMPINAS,,,,,,,,,,,Mobile,(19) 98146-5055,,,,,Campinas,,,,,,,,,,,,,,,,,Signore Mobili Architects
,ART PROJETOS E OBRAS ARQUITETO CAMPINAS,,,,,,,,,,,Mobile,(19) 97150-8254,,,,,Campinas,,,,,,,,,,,,,,,,,Signore Mobili Architects
,LETÍCIA PASSARINI ARQUITETURA ARQUITETO CAMPINAS,,,,,,,,,,,Mobile,(11) 94323-4004,,,,,Campinas,,,,,,,,,,,,,,,,,Signore Mobili Architects
,GUSTAVO DASTRE ARQUITETURA ARQUITETO CAMPINAS,,,,,,,,,,,Mobile,(19) 99794-8090,,,,,Campinas,,,,,,,,,,,,,,,,,Signore Mobili Architects
,ARQUITETO ANDRÉ PACE ARQUITETO CAMPINAS,,,,,,,,,,,Mobile,(19) 99126-4322,,,,,Campinas,,,,,,,,,,,,,,,,,Signore Mobili Architects
,AMORAS COELHO ARQUITETURA ARQUITETO CAMPINAS,,,,,,,,,,,Mobile,(19) 98456-7136,,,,,Campinas,,,,,,,,,,,,,,,,,Signore Mobili Architects
,ARQUITETA EM CAMPINAS | CYNTHIA COLBANO ARQUITETO CAMPINAS,,,,,,,,,,,Mobile,(19) 99703-7246,,,,,Campinas,,,,,,,,,,,,,,,,,Signore Mobili Architects
,ARCH ARQUITETURA LTDA ARQUITETO CAMPINAS,,,,,,,,,,,Mobile,(19) 98142-7483,,,,,Campinas,,,,,,,,,,,,,,,,,Signore Mobili Architects
,JULIA RODRIGUES ARQUITETURA + INTERIORES ARQUITETO CAMPINAS,,,,,,,,,,,Mobile,(19) 99191-7929,,,,,Campinas,,,,,,,,,,,,,,,,,Signore Mobili Architects
,OLMOS ARQUITETURA ARQUITETO CAMPINAS,,,,,,,,,,,Mobile,(19) 99271-6000,,,,,Campinas,,,,,,,,,,,,,,,,,Signore Mobili Architects
,DÉBORA ARANHA ARQUITETURA E INTERIORES ARQUITETO CAMPINAS,,,,,,,,,,,Mobile,(11) 99504-4655,,,,,Campinas,,,,,,,,,,,,,,,,,Signore Mobili Architects
,ANA COUTO | ARQUITETURA DE INTERIORES ARQUITETO CAMPINAS,,,,,,,,,,,Mobile,(16) 99316-5611,,,,,Campinas,,,,,,,,,,,,,,,,,Signore Mobili Architects
,ALINE PEREIRA ARQUITETURA & DESIGN ARQUITETO CAMPINAS,,,,,,,,,,,Mobile,(19) 99667-1607,,,,,Campinas,,,,,,,,,,,,,,,,,Signore Mobili Architects
,NA DEMANDA ARQUITETURA E INTERIORES ARQUITETO CAMPINAS,,,,,,,,,,,Mobile,(11) 97983-8421,,,,,Campinas,,,,,,,,,,,,,,,,,Signore Mobili Architects
,ESTUDIO LIBERATO ARQUITETO CAMPINAS,,,,,,,,,,,Mobile,(19) 98348-6025,,,,,Campinas,,,,,,,,,,,,,,,,,Signore Mobili Architects
,PELLIZZON ARQUITETO CAMPINAS,,,,,,,,,,,Mobile,(19) 98166-8686,,,,,Campinas,,,,,,,,,,,,,,,,,Signore Mobili Architects
,ITALICO ARQUITETURA CAMPINAS ARQUITETO CAMPINAS,,,,,,,,,,,Mobile,(19) 98133-7909,,,,,Campinas,,,,,,,,,,,,,,,,,Signore Mobili Architects
,AO ARQUITETURA E ORGANIZAÇÃO ARQUITETO CAMPINAS,,,,,,,,,,,Mobile,(19) 99950-1222,,,,,Campinas,,,,,,,,,,,,,,,,,Signore Mobili Architects
,GANELIE ARQUITETURA ARQUITETO CAMPINAS,,,,,,,,,,,Mobile,(19) 99847-1712,,,,,Campinas,,,,,,,,,,,,,,,,,Signore Mobili Architects
,ALEXANDRE HERNANDEZ ARQUITETO CAMPINAS,,,,,,,,,,,Mobile,(19) 99116-4988,,,,,Campinas,,,,,,,,,,,,,,,,,Signore Mobili Architects
,THAINÁ GALLASCH INTERIORES ARQUITETO CAMPINAS,,,,,,,,,,,Mobile,(19) 99215-9854,,,,,Campinas,,,,,,,,,,,,,,,,,Signore Mobili Architects
,LETÍCIA MORAES - ARQUITETURA E DESIGN DE INTERIORES ARQUITETO CAMPINAS,,,,,,,,,,,Mobile,(19) 98103-7808,,,,,Campinas,,,,,,,,,,,,,,,,,Signore Mobili Architects
,STUDIO IVE OLIVEIRA ARQUITETO JUNDIAI,,,,,,,,,,,Mobile,(11) 97664-6638,,,,,Jundiaí,,,,,,,,,,,,,,,,,Signore Mobili Architects
,NANNI ARQUITETURA E DESIGN ARQUITETO JUNDIAI,,,,,,,,,,,Mobile,(11) 96532-3332,,,,,Jundiaí,,,,,,,,,,,,,,,,,Signore Mobili Architects
,VIVIANE BONINI ARQUITETURA E INTERIORES ARQUITETO JUNDIAI,,,,,,,,,,,Mobile,(11) 99721-3674,,,,,Jundiaí,,,,,,,,,,,,,,,,,Signore Mobili Architects
,ESPACO AU ARQUITETURA E INTERIORES ARQUITETO JUNDIAI,,,,,,,,,,,Mobile,(11) 96375-0912,,,,,Jundiaí,,,,,,,,,,,,,,,,,Signore Mobili Architects
,AMANDA FERRAZ ARQUITETURA E CONSTRUCAO ARQUITETO JUNDIAI,,,,,,,,,,,Mobile,(11) 94076-1458,,,,,Jundiaí,,,,,,,,,,,,,,,,,Signore Mobili Architects
,STUDIO 2UP ARQUITETOS ASSOCIADOS ARQUITETO JUNDIAI,,,,,,,,,,,Mobile,(11) 97175-9974,,,,,Jundiaí,,,,,,,,,,,,,,,,,Signore Mobili Architects
,ARQUITETA BARBARA A. RAMADA ARQUITETO JUNDIAI,,,,,,,,,,,Mobile,(11) 99986-4524,,,,,Jundiaí,,,,,,,,,,,,,,,,,Signore Mobili Architects
,RONALDO COSTA ARQUITETURA ARQUITETO JUNDIAI,,,,,,,,,,,Mobile,(11) 99164-3008,,,,,Jundiaí,,,,,,,,,,,,,,,,,Signore Mobili Architects
,ARESTO ARQUITETURA ARQUITETO JUNDIAI,,,,,,,,,,,Mobile,(11) 99112-2630,,,,,Jundiaí,,,,,,,,,,,,,,,,,Signore Mobili Architects
,VITOR MESQUITA ARQUITETO JUNDIAI,,,,,,,,,,,Mobile,(11) 97483-1481,,,,,Jundiaí,,,,,,,,,,,,,,,,,Signore Mobili Architects
,ADAPT ARQUITETURA E INTERIORES ARQUITETO JUNDIAI,,,,,,,,,,,Mobile,(11) 93700-6371,,,,,Jundiaí,,,,,,,,,,,,,,,,,Signore Mobili Architects
,ISOMETRIA ARQUITETURA ARQUITETO JUNDIAI,,,,,,,,,,,Mobile,(11) 97258-2227,,,,,Jundiaí,,,,,,,,,,,,,,,,,Signore Mobili Architects
,PARADISE ARQUITETURA ARQUITETO JUNDIAI,,,,,,,,,,,Mobile,(11) 97565-5522,,,,,Jundiaí,,,,,,,,,,,,,,,,,Signore Mobili Architects
,VIVIANE BERNUCCI ARQUITETURA ARQUITETO JUNDIAI,,,,,,,,,,,Mobile,(11) 94720-3337,,,,,Jundiaí,,,,,,,,,,,,,,,,,Signore Mobili Architects
,SCATTO ARQUITETURA ARQUITETO JUNDIAI,,,,,,,,,,,Mobile,(11) 95893-6165,,,,,Jundiaí,,,,,,,,,,,,,,,,,Signore Mobili Architects
,RICARDO GASPARI ARQUITETO JUNDIAI,,,,,,,,,,,Mobile,(11) 97437-2565,,,,,Jundiaí,,,,,,,,,,,,,,,,,Signore Mobili Architects
,DANIEL SANTANA ARQUITETOS ARQUITETO JUNDIAI,,,,,,,,,,,Mobile,(11) 93929-4254,,,,,Jundiaí,,,,,,,,,,,,,,,,,Signore Mobili Architects
,L&L ARQUITETURA ARQUITETO JUNDIAI,,,,,,,,,,,Mobile,(11) 97251-4047,,,,,Jundiaí,,,,,,,,,,,,,,,,,Signore Mobili Architects
,TESES ARQUITETURA ARQUITETO JUNDIAI,,,,,,,,,,,Mobile,(11) 99970-2061,,,,,Jundiaí,,,,,,,,,,,,,,,,,Signore Mobili Architects
,CARBONE ARQUITETURA E DESIGN ARQUITETO JUNDIAI,,,,,,,,,,,Mobile,(11) 97822-7557,,,,,Jundiaí,,,,,,,,,,,,,,,,,Signore Mobili Architects
,OPERA ARQUITETURA ARQUITETO JUNDIAI,,,,,,,,,,,Mobile,(11) 99919-2670,,,,,Jundiaí,,,,,,,,,,,,,,,,,Signore Mobili Architects
,SEGMENTO ARQUITETURA ARQUITETO JUNDIAI,,,,,,,,,,,Mobile,(11) 97407-3646,,,,,Jundiaí,,,,,,,,,,,,,,,,,Signore Mobili Architects
,NAYARA VIAN ARQUITETURA E INTERIORES ARQUITETO JUNDIAI,,,,,,,,,,,Mobile,(11) 97525-7074,,,,,Jundiaí,,,,,,,,,,,,,,,,,Signore Mobili Architects
,GUILHERME TUCCI ARQUITETURA E INTERIORES ARQUITETO JUNDIAI,,,,,,,,,,,Mobile,(11) 99912-5151,,,,,Jundiaí,,,,,,,,,,,,,,,,,Signore Mobili Architects
,ARVANI ARQUITETURA ARQUITETO JUNDIAI,,,,,,,,,,,Mobile,(11) 99892-3236,,,,,Jundiaí,,,,,,,,,,,,,,,,,Signore Mobili Architects
,STUDIO LUCAS SANTOS ARQUITETO JUNDIAI,,,,,,,,,,,Mobile,(11) 99690-5811,,,,,Jundiaí,,,,,,,,,,,,,,,,,Signore Mobili Architects
,SOUZA CASARIN ARQUITETURA E DESIGN ARQUITETO JUNDIAI,,,,,,,,,,,Mobile,(11) 99615-1333,,,,,Jundiaí,,,,,,,,,,,,,,,,,Signore Mobili Architects
,REYNA MIRANDA ARQUITETURA ARQUITETO JUNDIAI,,,,,,,,,,,Mobile,(11) 97619-1010,,,,,Jundiaí,,,,,,,,,,,,,,,,,Signore Mobili Architects
,TREVIZAN ARQUITETURA ARQUITETO INDAIATUBA,,,,,,,,,,,Mobile,(19) 99772-2933,,,,,Indaiatuba,,,,,,,,,,,,,,,,,Signore Mobili Architects
,SIMOES ARQUITETURA ARQUITETO INDAIATUBA,,,,,,,,,,,Mobile,(19) 98913-9270,,,,,Indaiatuba,,,,,,,,,,,,,,,,,Signore Mobili Architects
,ARQSTYLE ARQUITETOS ARQUITETO INDAIATUBA,,,,,,,,,,,Mobile,(19) 99238-6522,,,,,Indaiatuba,,,,,,,,,,,,,,,,,Signore Mobili Architects
,CAZZ ARQUITETURA ARQUITETO INDAIATUBA,,,,,,,,,,,Mobile,(19) 99345-3231,,,,,Indaiatuba,,,,,,,,,,,,,,,,,Signore Mobili Architects
,DANIELE CARBONEZ ARQUITETURA ARQUITETO INDAIATUBA,,,,,,,,,,,Mobile,(19) 97159-3137,,,,,Indaiatuba,,,,,,,,,,,,,,,,,Signore Mobili Architects
,IR ARQUITETURA E INTERIORES ARQUITETO INDAIATUBA,,,,,,,,,,,Mobile,(19) 99720-2656,,,,,Indaiatuba,,,,,,,,,,,,,,,,,Signore Mobili Architects
,CAROLINE ROSA ARQUITETO INDAIATUBA,,,,,,,,,,,Mobile,(19) 98991-7827,,,,,Indaiatuba,,,,,,,,,,,,,,,,,Signore Mobili Architects
,THIFANY SPOLON ARQUITETURA ARQUITETO INDAIATUBA,,,,,,,,,,,Mobile,(19) 98434-6373,,,,,Indaiatuba,,,,,,,,,,,,,,,,,Signore Mobili Architects
,PERSALES ARQUITETOS ARQUITETO INDAIATUBA,,,,,,,,,,,Mobile,(19) 98445-2208,,,,,Indaiatuba,,,,,,,,,,,,,,,,,Signore Mobili Architects
,BIA FIANO ARQUITETURA ARQUITETO INDAIATUBA,,,,,,,,,,,Mobile,(19) 99607-1608,,,,,Indaiatuba,,,,,,,,,,,,,,,,,Signore Mobili Architects
,LUCENA & CIA ENGENHARIA E ARQUITETURA ARQUITETO INDAIATUBA,,,,,,,,,,,Mobile,(19) 99868-7224,,,,,Indaiatuba,,,,,,,,,,,,,,,,,Signore Mobili Architects
,TAMIRES RODRIGUES ARQUITETURA ARQUITETO INDAIATUBA,,,,,,,,,,,Mobile,(19) 99589-7224,,,,,Indaiatuba,,,,,,,,,,,,,,,,,Signore Mobili Architects
,HISA ARQUITETURA ARQUITETO INDAIATUBA,,,,,,,,,,,Mobile,(19) 99446-3295,,,,,Indaiatuba,,,,,,,,,,,,,,,,,Signore Mobili Architects
,AZ ENGENHARIA E ARQUITETURA ARQUITETO INDAIATUBA,,,,,,,,,,,Mobile,(19) 99437-9395,,,,,Indaiatuba,,,,,,,,,,,,,,,,,Signore Mobili Architects
,VIZZ ARQUITETURA E INTERIORES ARQUITETO INDAIATUBA,,,,,,,,,,,Mobile,(19) 99373-5357,,,,,Indaiatuba,,,,,,,,,,,,,,,,,Signore Mobili Architects
,STUDIO LADONE ARQUITETURA ARQUITETO INDAIATUBA,,,,,,,,,,,Mobile,(19) 99301-4334,,,,,Indaiatuba,,,,,,,,,,,,,,,,,Signore Mobili Architects
,MILENA MAGALHAES ARQUITETURA ARQUITETO HORTOLANDIA,,,,,,,,,,,Mobile,(19) 99170-7867,,,,,Hortolândia,,,,,,,,,,,,,,,,,Signore Mobili Architects
,KELLY MONIQUE ARQUITETURA ARQUITETO HORTOLANDIA,,,,,,,,,,,Mobile,(19) 99230-7447,,,,,Hortolândia,,,,,,,,,,,,,,,,,Signore Mobili Architects
,BRUNO OLIVEIRA ARQUITETURA ARQUITETO HORTOLANDIA,,,,,,,,,,,Mobile,(19) 98112-0141,,,,,Hortolândia,,,,,,,,,,,,,,,,,Signore Mobili Architects
,PERSONALIZA ARQUITETURA ARQUITETO HORTOLANDIA,,,,,,,,,,,Mobile,(19) 99361-4248,,,,,Hortolândia,,,,,,,,,,,,,,,,,Signore Mobili Architects
,2.1 ARQUITETURA & ENGENHARIA ARQUITETO HORTOLANDIA,,,,,,,,,,,Mobile,(19) 97422-9190,,,,,Hortolândia,,,,,,,,,,,,,,,,,Signore Mobili Architects
,FIALD CAMARGO ARQUITETO HORTOLANDIA,,,,,,,,,,,Mobile,(19) 98878-6368,,,,,Hortolândia,,,,,,,,,,,,,,,,,Signore Mobili Architects
,ART 92 ARQUITETURA & INTERIORES ARQUITETO HORTOLANDIA,,,,,,,,,,,Mobile,(19) 99137-3422,,,,,Hortolândia,,,,,,,,,,,,,,,,,Signore Mobili Architects
,ISABELA MARQUES ARQUITETURA ARQUITETO HORTOLANDIA,,,,,,,,,,,Mobile,(19) 97103-2830,,,,,Hortolândia,,,,,,,,,,,,,,,,,Signore Mobili Architects
,ESTUDIO LUCAS GIOVANNI ARQUITETO HORTOLANDIA,,,,,,,,,,,Mobile,(19) 99753-2055,,,,,Hortolândia,,,,,,,,,,,,,,,,,Signore Mobili Architects
,LAPLACE ENGENHARIA ARQUITETO HORTOLANDIA,,,,,,,,,,,Mobile,(19) 98105-7370,,,,,Hortolândia,,,,,,,,,,,,,,,,,Signore Mobili Architects
,STUDIO FREIA ARQUITETURA ARQUITETO HORTOLANDIA,,,,,,,,,,,Mobile,(19) 99933-8082,,,,,Hortolândia,,,,,,,,,,,,,,,,,Signore Mobili Architects
,SM ARQUITETURA E INTERIORES ARQUITETO HORTOLANDIA,,,,,,,,,,,Mobile,(19) 98356-5025,,,,,Hortolândia,,,,,,,,,,,,,,,,,Signore Mobili Architects
,APLICATEC ARQUITETURA ARQUITETO HORTOLANDIA,,,,,,,,,,,Mobile,(19) 97418-4328,,,,,Hortolândia,,,,,,,,,,,,,,,,,Signore Mobili Architects
,LILIAN PRODOSSIMO ARQUITETURA ARQUITETO HORTOLANDIA,,,,,,,,,,,Mobile,(19) 99720-3936,,,,,Hortolândia,,,,,,,,,,,,,,,,,Signore Mobili Architects
,CARINA DONATONE ARQUITETURA ARQUITETO HORTOLANDIA,,,,,,,,,,,Mobile,(19) 99637-7768,,,,,Hortolândia,,,,,,,,,,,,,,,,,Signore Mobili Architects
,ARIANE MENEZES ARQUITETURA ARQUITETO HORTOLANDIA,,,,,,,,,,,Mobile,(19) 99160-6471,,,,,Hortolândia,,,,,,,,,,,,,,,,,Signore Mobili Architects
,MORALE ARQUITETURA ARQUITETO SÃO PAULO,,,,,,,,,,,Mobile,11913494687,,,,,São Paulo,,,,,,,,,,,,,,,,,Signore Mobili Architects
,CUMARÚ ARQUITETURA ARQUITETO SÃO PAULO,,,,,,,,,,,Mobile,19992595084,,,,,São Paulo,,,,,,,,,,,,,,,,,Signore Mobili Architects
,LOOM ARQUITETURA ARQUITETO SÃO PAULO,,,,,,,,,,,Mobile,19998747035,,,,,São Paulo,,,,,,,,,,,,,,,,,Signore Mobili Architects
,SIMETRIA ARQUITETURA ARQUITETO SÃO PAULO,,,,,,,,,,,Mobile,11994691161,,,,,São Paulo,,,,,,,,,,,,,,,,,Signore Mobili Architects
,MARKA ARQUITETOS ASSOCIADOS ARQUITETO SÃO PAULO,,,,,,,,,,,Mobile,19991521895,,,,,São Paulo,,,,,,,,,,,,,,,,,Signore Mobili Architects
,KATIUSCIA FARIA ARQUITETURA E INTERIORES ARQUITETO SÃO PAULO,,,,,,,,,,,Mobile,11947838512,,,,,São Paulo,,,,,,,,,,,,,,,,,Signore Mobili Architects
,TAROSSI ARQUITETURA E ASSESSORIA ARQUITETO SÃO PAULO,,,,,,,,,,,Mobile,11992605221,,,,,São Paulo,,,,,,,,,,,,,,,,,Signore Mobili Architects
,FERJA ARQUITETURA ARQUITETO SÃO PAULO,,,,,,,,,,,Mobile,11999695500,,,,,São Paulo,,,,,,,,,,,,,,,,,Signore Mobili Architects
,LESSANDRA DOTTORI ARQUITETURA ARQUITETO SÃO PAULO,,,,,,,,,,,Mobile,11984290418,,,,,São Paulo,,,,,,,,,,,,,,,,,Signore Mobili Architects
,ROCHA ANDRADE ARQUITETURA ARQUITETO SÃO PAULO,,,,,,,,,,,Mobile,11932371695,,,,,São Paulo,,,,,,,,,,,,,,,,,Signore Mobili Architects
,365 ARQUITETURA ARQUITETO SÃO PAULO,,,,,,,,,,,Mobile,19997379913,,,,,São Paulo,,,,,,,,,,,,,,,,,Signore Mobili Architects
,AMANDA DURAN ARQUITETURA ARQUITETO SÃO PAULO,,,,,,,,,,,Mobile,19992528855,,,,,São Paulo,,,,,,,,,,,,,,,,,Signore Mobili Architects
,ARQUITETO EDUARDO FERNANDES ARQUITETO SÃO PAULO,,,,,,,,,,,Mobile,11953806260,,,,,São Paulo,,,,,,,,,,,,,,,,,Signore Mobili Architects
,FEITA ARQUITETURA ARQUITETO SÃO PAULO,,,,,,,,,,,Mobile,11989308586,,,,,São Paulo,,,,,,,,,,,,,,,,,Signore Mobili Architects
,PAULO STOCCO ARQUITETURA ARQUITETO SÃO PAULO,,,,,,,,,,,Mobile,11996880170,,,,,São Paulo,,,,,,,,,,,,,,,,,Signore Mobili Architects
,ARKENZ ARQUITETURA E DESIGN ARQUITETO SÃO PAULO,,,,,,,,,,,Mobile,11965741571,,,,,São Paulo,,,,,,,,,,,,,,,,,Signore Mobili Architects
,BALAIO ARQUITETURA ARQUITETO SÃO PAULO,,,,,,,,,,,Mobile,11980513097,,,,,São Paulo,,,,,,,,,,,,,,,,,Signore Mobili Architects
,A&C ARQUITETURA ARQUITETO SÃO PAULO,,,,,,,,,,,Mobile,11999469274,,,,,São Paulo,,,,,,,,,,,,,,,,,Signore Mobili Architects
,MARINA CARVALHO ARQUITETURA ARQUITETO SÃO PAULO,,,,,,,,,,,Mobile,11991261924,,,,,São Paulo,,,,,,,,,,,,,,,,,Signore Mobili Architects
,SAL ARQUITETURA ARQUITETO SÃO PAULO,,,,,,,,,,,Mobile,11998722287,,,,,São Paulo,,,,,,,,,,,,,,,,,Signore Mobili Architects
,ARQUI SP 11 ARQUITETO SÃO PAULO,,,,,,,,,,,Mobile,11984009824,,,,,São Paulo,,,,,,,,,,,,,,,,,Signore Mobili Architects
,SP62ARQUITETURA ARQUITETO SÃO PAULO,,,,,,,,,,,Mobile,11964270027,,,,,São Paulo,,,,,,,,,,,,,,,,,Signore Mobili Architects
,PADRONA ARQUITETURA ARQUITETO SÃO PAULO,,,,,,,,,,,Mobile,19998233591,,,,,São Paulo,,,,,,,,,,,,,,,,,Signore Mobili Architects
,C2H ATELIER DE ARQUITETURA ARQUITETO SÃO PAULO,,,,,,,,,,,Mobile,11992483991,,,,,São Paulo,,,,,,,,,,,,,,,,,Signore Mobili Architects
,LADO A LADO ARQUITETURA ARQUITETO SÃO PAULO,,,,,,,,,,,Mobile,11945823656,,,,,São Paulo,,,,,,,,,,,,,,,,,Signore Mobili Architects
,FLEX ARQUITETURA ARQUITETO SÃO PAULO,,,,,,,,,,,Mobile,11960602121,,,,,São Paulo,,,,,,,,,,,,,,,,,Signore Mobili Architects
,ESTÚDIO MONTE ARQUITETURA ARQUITETO SÃO PAULO,,,,,,,,,,,Mobile,11983046916,,,,,São Paulo,,,,,,,,,,,,,,,,,Signore Mobili Architects
,INÁ ARQUITETURA ARQUITETO SÃO PAULO,,,,,,,,,,,Mobile,11947842696,,,,,São Paulo,,,,,,,,,,,,,,,,,Signore Mobili Architects
,DÉDALO ARQUITETURA ARQUITETO SÃO PAULO,,,,,,,,,,,Mobile,11989048007,,,,,São Paulo,,,,,,,,,,,,,,,,,Signore Mobili Architects
,DEBAIXO DO BLOCO ARQUITETURA ARQUITETO SÃO PAULO,,,,,,,,,,,Mobile,11943270697,,,,,São Paulo,,,,,,,,,,,,,,,,,Signore Mobili Architects
,MARCELA ROCCA ARQUITETURA ARQUITETO SÃO PAULO,,,,,,,,,,,Mobile,11996178941,,,,,São Paulo,,,,,,,,,,,,,,,,,Signore Mobili Architects
,BAUHAUS ARQUITETURA ARQUITETO SÃO PAULO,,,,,,,,,,,Mobile,11996321603,,,,,São Paulo,,,,,,,,,,,,,,,,,Signore Mobili Architects
,ITALICO ARQUITETURA CAMPINAS ARQUITETO CAMPINAS,,,,,,,,,,,Mobile,19981337909,,,,,Campinas,,,,,,,,,,,,,,,,,Signore Mobili Architects
,ARQUITETO BIGNOTTO ARQUITETO CAMPINAS,,,,,,,,,,,Mobile,19995370419,,,,,Campinas,,,,,,,,,,,,,,,,,Signore Mobili Architects
,GUSTAVO DASTRE ARQUITETURA ARQUITETO CAMPINAS,,,,,,,,,,,Mobile,19997948090,,,,,Campinas,,,,,,,,,,,,,,,,,Signore Mobili Architects
,CYNTHIA COLBANO ARQUITETA ARQUITETO CAMPINAS,,,,,,,,,,,Mobile,19997037246,,,,,Campinas,,,,,,,,,,,,,,,,,Signore Mobili Architects
,DEL NERO DA FONTE ARQUITETURA ARQUITETO CAMPINAS,,,,,,,,,,,Mobile,19996210665,,,,,Campinas,,,,,,,,,,,,,,,,,Signore Mobili Architects
,AQUILES NICOLAS KILARIS ARQUITETURA ARQUITETO CAMPINAS,,,,,,,,,,,Mobile,19997661990,,,,,Campinas,,,,,,,,,,,,,,,,,Signore Mobili Architects
,CAIS ARQUITETURA ARQUITETO CAMPINAS,,,,,,,,,,,Mobile,19995548362,,,,,Campinas,,,,,,,,,,,,,,,,,Signore Mobili Architects
,BRITA ARQUITETURA ARQUITETO CAMPINAS,,,,,,,,,,,Mobile,19981465055,,,,,Campinas,,,,,,,,,,,,,,,,,Signore Mobili Architects
,DANIELE ROSSI LOPES ARQUITETA ARQUITETO CAMPINAS,,,,,,,,,,,Mobile,19974048823,,,,,Campinas,,,,,,,,,,,,,,,,,Signore Mobili Architects
,DREISON SANTINI ARQUITETURA ARQUITETO CAMPINAS,,,,,,,,,,,Mobile,19992815573,,,,,Campinas,,,,,,,,,,,,,,,,,Signore Mobili Architects
,OLMOS ARQUITETURA ARQUITETO CAMPINAS,,,,,,,,,,,Mobile,19992716000,,,,,Campinas,,,,,,,,,,,,,,,,,Signore Mobili Architects
,PELLIZZON ARQUITETO CAMPINAS ARQUITETO CAMPINAS,,,,,,,,,,,Mobile,19981668686,,,,,Campinas,,,,,,,,,,,,,,,,,Signore Mobili Architects
,MORAIS ARQUITETURA ARQUITETO CAMPINAS,,,,,,,,,,,Mobile,19996333135,,,,,Campinas,,,,,,,,,,,,,,,,,Signore Mobili Architects
,STUDIO AP ARQUITETURA ARQUITETO CAMPINAS,,,,,,,,,,,Mobile,19984209197,,,,,Campinas,,,,,,,,,,,,,,,,,Signore Mobili Architects
,TAMIRIS OLIVEIRA ARQUITETURA ARQUITETO CAMPINAS,,,,,,,,,,,Mobile,19994206503,,,,,Campinas,,,,,,,,,,,,,,,,,Signore Mobili Architects
,ARQUITETO ANDRÉ PACE ARQUITETO CAMPINAS,,,,,,,,,,,Mobile,19991264322,,,,,Campinas,,,,,,,,,,,,,,,,,Signore Mobili Architects
,STUDIO DEL VALLE ARQUITETURA ARQUITETO CAMPINAS,,,,,,,,,,,Mobile,19991204942,,,,,Campinas,,,,,,,,,,,,,,,,,Signore Mobili Architects
,MATEUS DIAS ARQUITETURA ARQUITETO CAMPINAS,,,,,,,,,,,Mobile,19992944465,,,,,Campinas,,,,,,,,,,,,,,,,,Signore Mobili Architects
,ARCH ARQUITETURA LTDA ARQUITETO CAMPINAS,,,,,,,,,,,Mobile,19981427483,,,,,Campinas,,,,,,,,,,,,,,,,,Signore Mobili Architects
,VIEITEZ BERNILS ARQUITETOS ARQUITETO CAMPINAS,,,,,,,,,,,Mobile,19991738854,,,,,Campinas,,,,,,,,,,,,,,,,,Signore Mobili Architects
,DONINI ARQUITETURA ARQUITETO CAMPINAS,,,,,,,,,,,Mobile,19988293918,,,,,Campinas,,,,,,,,,,,,,,,,,Signore Mobili Architects
,XOK ARQUITETOS & ASSOCIADOS ARQUITETO CAMPINAS,,,,,,,,,,,Mobile,19971686052,,,,,Campinas,,,,,,,,,,,,,,,,,Signore Mobili Architects
,ADRIANA CONSULIN ARQUITETO CAMPINAS,,,,,,,,,,,Mobile,19997614165,,,,,Campinas,,,,,,,,,,,,,,,,,Signore Mobili Architects
,JOICE CAMARGO ARQUITETURA ARQUITETO SÃO PAULO,,,,,,,,,,,Mobile,11973359681,,,,,São Paulo,,,,,,,,,,,,,,,,,Signore Mobili Architects
,TABOA ARQUITETURA ARQUITETO SÃO PAULO,,,,,,,,,,,Mobile,11963377909,,,,,São Paulo,,,,,,,,,,,,,,,,,Signore Mobili Architects
,NERO ARQUITETURA ARQUITETO SÃO PAULO,,,,,,,,,,,Mobile,11993388410,,,,,São Paulo,,,,,,,,,,,,,,,,,Signore Mobili Architects
,ARQUITETURA MINUTO ARQUITETO SÃO PAULO,,,,,,,,,,,Mobile,11997652459,,,,,São Paulo,,,,,,,,,,,,,,,,,Signore Mobili Architects
,REUNI ARQUITETURA & CONSTRUÇÃO ARQUITETO SÃO PAULO,,,,,,,,,,,Mobile,11961875932,,,,,São Paulo,,,,,,,,,,,,,,,,,Signore Mobili Architects
,TAG ARQUITETURA & ENGENHARIA ARQUITETO SÃO PAULO,,,,,,,,,,,Mobile,11987758252,,,,,São Paulo,,,,,,,,,,,,,,,,,Signore Mobili Architects
,ARQUITEA LÉIA CEZARIO ARQUITETO SÃO PAULO,,,,,,,,,,,Mobile,11950950859,,,,,São Paulo,,,,,,,,,,,,,,,,,Signore Mobili Architects
,CAMMAROTA E SALLES ARQUITETURA ARQUITETO SÃO PAULO,,,,,,,,,,,Mobile,11939620463,,,,,São Paulo,,,,,,,,,,,,,,,,,Signore Mobili Architects
,TRINITTY ENGENHARIA ARQUITETO SÃO PAULO,,,,,,,,,,,Mobile,11915464686,,,,,São Paulo,,,,,,,,,,,,,,,,,Signore Mobili Architects
,SARA PALAMONI ARQUITETURA ARQUITETO SÃO PAULO,,,,,,,,,,,Mobile,11950728285,,,,,São Paulo,,,,,,,,,,,,,,,,,Signore Mobili Architects
,RELTA ARQUITETURA ARQUITETO SÃO PAULO,,,,,,,,,,,Mobile,11976346133,,,,,São Paulo,,,,,,,,,,,,,,,,,Signore Mobili Architects
,RUSSO ARQUITETURA ARQUITETO SÃO PAULO,,,,,,,,,,,Mobile,11913477775,,,,,São Paulo,,,,,,,,,,,,,,,,,Signore Mobili Architects
,RT ARQUITETURA URBANISMO ARQUITETO SÃO PAULO,,,,,,,,,,,Mobile,11943093404,,,,,São Paulo,,,,,,,,,,,,,,,,,Signore Mobili Architects
,GAS LTDA ARQUITETO SÃO PAULO,,,,,,,,,,,Mobile,11994154650,,,,,São Paulo,,,,,,,,,,,,,,,,,Signore Mobili Architects
,NADAIS ARQUITETURA ARQUITETO SÃO PAULO,,,,,,,,,,,Mobile,11972625023,,,,,São Paulo,,,,,,,,,,,,,,,,,Signore Mobili Architects
,BRUNA BONOMI ARQUITETURA ARQUITETO SÃO PAULO,,,,,,,,,,,Mobile,11953604026,,,,,São Paulo,,,,,,,,,,,,,,,,,Signore Mobili Architects
,GA GIOGIO ARQUITETURA ARQUITETO SÃO PAULO,,,,,,,,,,,Mobile,11976156385,,,,,São Paulo,,,,,,,,,,,,,,,,,Signore Mobili Architects
,PASSO A ARQUITETURA ARQUITETO SÃO PAULO,,,,,,,,,,,Mobile,11971939325,,,,,São Paulo,,,,,,,,,,,,,,,,,Signore Mobili Architects
,STEPHANNI FALCÃO ARQUITETA ARQUITETO SÃO PAULO,,,,,,,,,,,Mobile,11951654612,,,,,São Paulo,,,,,,,,,,,,,,,,,Signore Mobili Architects
,ISHIDA ARQUITETURA ARQUITETO SÃO PAULO,,,,,,,,,,,Mobile,11967970197,,,,,São Paulo,,,,,,,,,,,,,,,,,Signore Mobili Architects
,NEVES ARQUITETURA ARQUITETO SÃO PAULO,,,,,,,,,,,Mobile,11991921412,,,,,São Paulo,,,,,,,,,,,,,,,,,Signore Mobili Architects
,TW ARQUITETURA ARQUITETO SÃO PAULO,,,,,,,,,,,Mobile,11991679963,,,,,São Paulo,,,,,,,,,,,,,,,,,Signore Mobili Architects
,ELISA COSTA ARQUITETURA ARQUITETO SÃO PAULO,,,,,,,,,,,Mobile,11998486604,,,,,São Paulo,,,,,,,,,,,,,,,,,Signore Mobili Architects
,FACILITY ARQUITETURA ARQUITETO SÃO PAULO,,,,,,,,,,,Mobile,11994347967,,,,,São Paulo,,,,,,,,,,,,,,,,,Signore Mobili Architects
,REGULAR SOLUÇÕES ARQUITETURA ARQUITETO CAMPINAS,,,,,,,,,,,Mobile,19991928312,,,,,Campinas,,,,,,,,,,,,,,,,,Signore Mobili Architects
,TERRACOTA ARQUITETURA ARQUITETO CAMPINAS,,,,,,,,,,,Mobile,19995271773,,,,,Campinas,,,,,,,,,,,,,,,,,Signore Mobili Architects
,LIAA LABORATÓRIO DE IDEIAS ARQUITETO CAMPINAS,,,,,,,,,,,Mobile,19986100192,,,,,Campinas,,,,,,,,,,,,,,,,,Signore Mobili Architects
,2P+ ARQUITETURA ARQUITETO CAMPINAS,,,,,,,,,,,Mobile,19991928312,,,,,Campinas,,,,,,,,,,,,,,,,,Signore Mobili Architects
,ARQUITETURA IDEAL ARQUITETO CAMPINAS,,,,,,,,,,,Mobile,19992086373,,,,,Campinas,,,,,,,,,,,,,,,,,Signore Mobili Architects
,ALAMEDA URBANISMO E ARQUITETURA ARQUITETO CAMPINAS,,,,,,,,,,,Mobile,19998321535,,,,,Campinas,,,,,,,,,,,,,,,,,Signore Mobili Architects
,BRUNA FERNANDA ESTÚDIO ARQUITETO CAMPINAS,,,,,,,,,,,Mobile,19998871661,,,,,Campinas,,,,,,,,,,,,,,,,,Signore Mobili Architects
,AVENIDA ARQUITETURA ARQUITETO CAMPINAS,,,,,,,,,,,Mobile,19997710505,,,,,Campinas,,,,,,,,,,,,,,,,,Signore Mobili Architects
,ANA COUTO ARQUITETO ARQUITETO CAMPINAS,,,,,,,,,,,Mobile,16993165611,,,,,Campinas,,,,,,,,,,,,,,,,,Signore Mobili Architects
,ALINE PEREIRA ARQUITETURA ARQUITETO CAMPINAS,,,,,,,,,,,Mobile,19996671607,,,,,Campinas,,,,,,,,,,,,,,,,,Signore Mobili Architects
,THAINÁ GALLASCH INTERIORES ARQUITETO CAMPINAS,,,,,,,,,,,Mobile,19992159854,,,,,Campinas,,,,,,,,,,,,,,,,,Signore Mobili Architects
,LETÍCIA MORAES ARQUITETURA ARQUITETO CAMPINAS,,,,,,,,,,,Mobile,19981037808,,,,,Campinas,,,,,,,,,,,,,,,,,Signore Mobili Architects
,DENIS MARCEL ARQUITETO ARQUITETO CAMPINAS,,,,,,,,,,,Mobile,19991176863,,,,,Campinas,,,,,,,,,,,,,,,,,Signore Mobili Architects
,STUDIO OTTO FELIX ARQUITETO CAMPINAS,,,,,,,,,,,Mobile,19984432993,,,,,Campinas,,,,,,,,,,,,,,,,,Signore Mobili Architects
,MARCELLO CAMPOS ARQUITETURA ARQUITETO CAMPINAS,,,,,,,,,,,Mobile,19995925315,,,,,Campinas,,,,,,,,,,,,,,,,,Signore Mobili Architects
,JP STUDIO ARQUITETURA ARQUITETO CAMPINAS,,,,,,,,,,,Mobile,19999805634,,,,,Campinas,,,,,,,,,,,,,,,,,Signore Mobili Architects
